[
  {
    "url": "https://github.com/frappe/frappe",
    "branch": "v15.63.0"
  },
  {
    "url": "https://github.com/frappe/erpnext",
    "branch": "v15.55.4"
  },
  {
    "url": "https://github.com/frappe/hrms",
    "branch": "v15.42.2"
  },
  {
    "url": "https://github.com/frappe/crm",
    "branch": "v1.39.2"
  },
  {
    "url": "https://github.com/frappe/helpdesk",
    "branch": "v1.6.1"
  },
  {
    "url": "https://github.com/frappe/builder",
    "branch": "v1.16.3"
  },
  {
    "url": "https://github.com/resilient-tech/lending",
    "branch": "v1.0.0"
  },
  {
    "url": "https://github.com/frappe/wiki",
    "branch": "v2.0.1"
  },
  {
    "url": "https://github.com/frappe/insights",
    "branch": "v3.0.24"
  },
  {
    "url": "https://github.com/frappe/webshop",
    "branch": "version-15"
  },
  {
    "url": "https://github.com/frappe/payments",
    "branch": "version-15"
  },
  {
    "url": "https://github.com/frappe/ecommerce_integrations",
    "branch": "v1.20.1"
  },
  {
    "url": "https://github.com/ArtisanClarinets/shopify",
    "branch": "main"
  },
  {
    "url": "https://github.com/ArtisanClarinets/repair",
    "branch": "main"
  }
]